{
    "alpha": 0.5,
    "att_lambda": 1.0,
    "attention": "softmax",
    "auto_weights": "True",
    "batch_size": 32.0,
    "bert_tokens": "False",
    "decay": "False",
    "device": "cuda",
    "drop_embed": 0.2,
    "drop_fc": 0.1,
    "drop_hidden": 0.1,
    "dropout_bert": "N/A",
    "embed_size": 300.0,
    "embeddings": "None",
    "epochs": 20.0,
    "epsilon": 1e-08,
    "hidden_size": 64.0,
    "include_special": "False",
    "is_model": "True",
    "learning_rate": 0.001,
    "logging": "neptune",
    "majority": 2.0,
    "max_length": 128.0,
    "method": "additive",
    "model_name": "cnn_gru",
    "normalized": "False",
    "not_recollect": "True",
    "num_classes": 3.0,
    "num_supervised_heads": "N/A",
    "p_value": 0.8,
    "padding_idx": 0.0,
    "path_files": "N/A",
    "random_seed": 42.0,
    "save_only_bert": "N/A",
    "seq_model": "gru",
    "set_decay": 0.1,
    "supervised_layer_pos": "N/A",
    "to_save": "True",
    "train_att": "False",
    "train_embed": "False",
    "type_attention": "softmax",
    "variance": 5.0,
    "vocab_size": 21674.0,
    "weights": "[1.0795518  0.82139814 1.1678787 ]",
    "what_bert": "N/A",
    "window": 4.0
}