{
    "alpha": 0.5,
    "att_lambda": 0.001,
    "attention": "N/A",
    "auto_weights": "True",
    "batch_size": 16.0,
    "bert_tokens": "True",
    "decay": "False",
    "device": "cuda",
    "drop_embed": "N/A",
    "drop_fc": "N/A",
    "drop_hidden": "N/A",
    "dropout_bert": 0.1,
    "embed_size": "N/A",
    "embeddings": "N/A",
    "epochs": 20.0,
    "epsilon": 1e-08,
    "hidden_size": "N/A",
    "include_special": "False",
    "is_model": "True",
    "learning_rate": 2e-05,
    "logging": "neptune",
    "majority": 2.0,
    "max_length": 128.0,
    "method": "additive",
    "model_name": "birnn",
    "normalized": "False",
    "not_recollect": "True",
    "num_classes": 3.0,
    "num_supervised_heads": 6.0,
    "p_value": 0.8,
    "padding_idx": "N/A",
    "path_files": "bert-base-uncased",
    "random_seed": 42.0,
    "save_only_bert": "False",
    "seq_model": "N/A",
    "set_decay": 0.1,
    "supervised_layer_pos": 11.0,
    "to_save": "False",
    "train_att": "True",
    "train_embed": "N/A",
    "type_attention": "softmax",
    "variance": 5.0,
    "vocab_size": "N/A",
    "weights": "[1.0795518  0.82139814 1.1678787 ]",
    "what_bert": "weighted",
    "window": 4.0
}